I"L<p>1ã€ charé•¿åº¦å›ºå®šï¼Œ å³æ¯æ¡æ•°æ®å ç”¨ç­‰é•¿å­—èŠ‚ç©ºé—´ï¼›é€‚åˆç”¨åœ¨èº«ä»½è¯å·ç ã€æ‰‹æœºå·ç ç­‰å®šã€‚</p>

<p>2ã€ varcharå¯å˜é•¿åº¦ï¼Œå¯ä»¥è®¾ç½®æœ€å¤§é•¿åº¦ï¼›é€‚åˆç”¨åœ¨é•¿åº¦å¯å˜çš„å±æ€§ã€‚</p>

<p>3ã€ textä¸è®¾ç½®é•¿åº¦ï¼Œ å½“ä¸çŸ¥é“å±æ€§çš„æœ€å¤§é•¿åº¦æ—¶ï¼Œé€‚åˆç”¨textã€‚</p>

<p>varcharï¼švarchar(n)ä¸­çš„nè¡¨ç¤ºå­—ç¬¦æ•°ï¼Œæœ€å¤§ç©ºé—´æ˜¯65535ä¸ªå­—èŠ‚ï¼Œ å­˜æ”¾å­—ç¬¦æ•°é‡è·Ÿå­—ç¬¦é›†æœ‰å…³ç³»ï¼›</p>

<div class="language-plaintext highlighter-rouge"><div class="highlight"><pre class="highlight"><code> MySQL5.0.3ä»¥å‰ç‰ˆæœ¬varchar(n)ä¸­çš„nè¡¨ç¤ºå­—èŠ‚æ•°ï¼›

 MySQL5.0.3ä»¥åç‰ˆæœ¬varchar(n)ä¸­çš„nè¡¨ç¤ºå­—ç¬¦æ•°ï¼›
</code></pre></div></div>

<p>https://blog.csdn.net/brycegao321/article/details/78038272
<!-- more --></p>

<p>https://juejin.cn/post/7069006450265161764</p>

<p>mysql index key len_explain ä¸­key_lençš„ä½œç”¨åŠè®¡ç®—è§„åˆ™
key_lençš„é•¿åº¦æ˜¯å¦‚ä½•è®¡ç®—çš„ï¼Ÿnameçš„å­—æ®µç±»å‹æ˜¯varchar(20)ï¼Œå­—ç¬¦ç¼–ç æ˜¯utf8ï¼Œä¸€ä¸ªå­—ç¬¦å ç”¨3ä¸ªå­—èŠ‚ï¼Œé‚£ä¹ˆkey_lenåº”è¯¥æ˜¯ 20*3=60ã€‚</p>

<p>key_lençš„é•¿åº¦è®¡ç®—å…¬å¼ï¼š</p>

<p>varchr(10)å˜é•¿å­—æ®µä¸”å…è®¸NULL    =  10 * ( character setï¼šutf8=3,gbk=2,latin1=1)+1(NULL)+2(å˜é•¿å­—æ®µ)</p>

<p>varchr(10)å˜é•¿å­—æ®µä¸”ä¸å…è®¸NULL =  10 *( character setï¼šutf8=3,gbk=2,latin1=1)+2(å˜é•¿å­—æ®µ)</p>

<p>char(10)å›ºå®šå­—æ®µä¸”å…è®¸NULL        =  10 * ( character setï¼šutf8=3,gbk=2,latin1=1)+1(NULL)</p>

<p>char(10)å›ºå®šå­—æ®µä¸”ä¸å…è®¸NULL        =  10 * ( character setï¼šutf8=3,gbk=2,latin1=1)</p>

<p>https://blog.csdn.net/weixin_35282313/article/details/113220326</p>

<p>https://www.cnblogs.com/tingxin/p/14111489.html
https://dev.mysql.com/doc/refman/8.0/en/data-size.html
https://dev.mysql.com/doc/refman/8.0/en/innodb-row-format.html
https://dev.mysql.com/doc/refman/8.0/en/char.html</p>

<p>mysql&gt; create table table1 (
    -&gt;     <code class="language-plaintext highlighter-rouge">id</code> INT (11) NOT NULL,
    -&gt;     <code class="language-plaintext highlighter-rouge">name</code> varchar(20) NOT NULL
    -&gt; );
Query OK, 0 rows affected, 1 warning (0.25 sec)</p>

<p>mysql&gt; create table table2 (
    -&gt;     <code class="language-plaintext highlighter-rouge">id</code> INT (11) NOT NULL,
    -&gt;     <code class="language-plaintext highlighter-rouge">name</code>  varchar(20)
    -&gt; );
Query OK, 0 rows affected, 1 warning (0.05 sec)</p>

<p>mysql&gt; insert into table1 values (4,â€zhaoyunâ€),(2,â€zhangfeiâ€),(3,â€liubeiâ€);
Query OK, 3 rows affected (0.04 sec)
Records: 3  Duplicates: 0  Warnings: 0</p>

<p>mysql&gt; insert into table2 values (1,â€zhaoyunâ€),(2, null);
Query OK, 2 rows affected (0.02 sec)
Records: 2  Duplicates: 0  Warnings: 0</p>

<p>mysql&gt; explain select * from table1 where name=â€™zhaoyunâ€™;
+â€”-+â€”â€”â€”â€”-+â€”â€”â€“+â€”â€”â€”â€”+â€”â€”+â€”â€”â€”â€”â€”+â€”â€”+â€”â€”â€”+â€”â€”+â€”â€”+â€”â€”â€”-+â€”â€”â€”â€”-+
| id | select_type | table  | partitions | type | possible_keys | key  | key_len | ref  | rows | filtered | Extra       |
+â€”-+â€”â€”â€”â€”-+â€”â€”â€“+â€”â€”â€”â€”+â€”â€”+â€”â€”â€”â€”â€”+â€”â€”+â€”â€”â€”+â€”â€”+â€”â€”+â€”â€”â€”-+â€”â€”â€”â€”-+
|  1 | SIMPLE      | table1 | NULL       | ALL  | NULL          | NULL | NULL    | NULL |    3 |    33.33 | Using where |
+â€”-+â€”â€”â€”â€”-+â€”â€”â€“+â€”â€”â€”â€”+â€”â€”+â€”â€”â€”â€”â€”+â€”â€”+â€”â€”â€”+â€”â€”+â€”â€”+â€”â€”â€”-+â€”â€”â€”â€”-+
1 row in set, 1 warning (0.01 sec)</p>

<p>mysql&gt; explain select * from table2 where name=â€™zhaoyunâ€™;
+â€”-+â€”â€”â€”â€”-+â€”â€”â€“+â€”â€”â€”â€”+â€”â€”+â€”â€”â€”â€”â€”+â€”â€”+â€”â€”â€”+â€”â€”+â€”â€”+â€”â€”â€”-+â€”â€”â€”â€”-+
| id | select_type | table  | partitions | type | possible_keys | key  | key_len | ref  | rows | filtered | Extra       |
+â€”-+â€”â€”â€”â€”-+â€”â€”â€“+â€”â€”â€”â€”+â€”â€”+â€”â€”â€”â€”â€”+â€”â€”+â€”â€”â€”+â€”â€”+â€”â€”+â€”â€”â€”-+â€”â€”â€”â€”-+
|  1 | SIMPLE      | table2 | NULL       | ALL  | NULL          | NULL | NULL    | NULL |    2 |    50.00 | Using where |
+â€”-+â€”â€”â€”â€”-+â€”â€”â€“+â€”â€”â€”â€”+â€”â€”+â€”â€”â€”â€”â€”+â€”â€”+â€”â€”â€”+â€”â€”+â€”â€”+â€”â€”â€”-+â€”â€”â€”â€”-+
1 row in set, 1 warning (0.00 sec)</p>

<p>mysql&gt; alter table table1 add index idx_name (name);
Query OK, 0 rows affected (0.05 sec)
Records: 0  Duplicates: 0  Warnings: 0</p>

<p>mysql&gt; alter table table2 add index idx_name (name);
Query OK, 0 rows affected (0.07 sec)
Records: 0  Duplicates: 0  Warnings: 0</p>

<p>mysql&gt; explain select * from table1 where name=â€™zhaoyunâ€™;
+â€”-+â€”â€”â€”â€”-+â€”â€”â€“+â€”â€”â€”â€”+â€”â€”+â€”â€”â€”â€”â€”+â€”â€”â€”-+â€”â€”â€”+â€”â€”-+â€”â€”+â€”â€”â€”-+â€”â€”-+
| id | select_type | table  | partitions | type | possible_keys | key      | key_len | ref   | rows | filtered | Extra |
+â€”-+â€”â€”â€”â€”-+â€”â€”â€“+â€”â€”â€”â€”+â€”â€”+â€”â€”â€”â€”â€”+â€”â€”â€”-+â€”â€”â€”+â€”â€”-+â€”â€”+â€”â€”â€”-+â€”â€”-+
|  1 | SIMPLE      | table1 | NULL       | ref  | idx_name      | idx_name | 82      | const |    1 |   100.00 | NULL  |
+â€”-+â€”â€”â€”â€”-+â€”â€”â€“+â€”â€”â€”â€”+â€”â€”+â€”â€”â€”â€”â€”+â€”â€”â€”-+â€”â€”â€”+â€”â€”-+â€”â€”+â€”â€”â€”-+â€”â€”-+
1 row in set, 1 warning (0.01 sec)</p>

<p>mysql&gt; explain select * from table2 where name=â€™zhaoyunâ€™;
+â€”-+â€”â€”â€”â€”-+â€”â€”â€“+â€”â€”â€”â€”+â€”â€”+â€”â€”â€”â€”â€”+â€”â€”â€”-+â€”â€”â€”+â€”â€”-+â€”â€”+â€”â€”â€”-+â€”â€”-+
| id | select_type | table  | partitions | type | possible_keys | key      | key_len | ref   | rows | filtered | Extra |
+â€”-+â€”â€”â€”â€”-+â€”â€”â€“+â€”â€”â€”â€”+â€”â€”+â€”â€”â€”â€”â€”+â€”â€”â€”-+â€”â€”â€”+â€”â€”-+â€”â€”+â€”â€”â€”-+â€”â€”-+
|  1 | SIMPLE      | table2 | NULL       | ref  | idx_name      | idx_name | 83      | const |    1 |   100.00 | NULL  |
+â€”-+â€”â€”â€”â€”-+â€”â€”â€“+â€”â€”â€”â€”+â€”â€”+â€”â€”â€”â€”â€”+â€”â€”â€”-+â€”â€”â€”+â€”â€”-+â€”â€”+â€”â€”â€”-+â€”â€”-+
1 row in set, 1 warning (0.00 sec)</p>

<p>mysql&gt;  create table table2 (
    -&gt;     -&gt;     <code class="language-plaintext highlighter-rouge">id</code> INT (11) NOT NULL,
    -&gt;     -&gt;     <code class="language-plaintext highlighter-rouge">name</code>  varchar(20)
    -&gt;   );
ERROR 1064 (42000): You have an error in your SQL syntax; check the manual that corresponds to your MySQL server version for the right syntax to use near â€˜-&gt;     <code class="language-plaintext highlighter-rouge">id</code> INT (11) NOT NULL,
    -&gt;     <code class="language-plaintext highlighter-rouge">name</code>  varchar(20)
  )â€™ at line 2
mysql&gt; create table table3(  <code class="language-plaintext highlighter-rouge">id</code> INT (11) NOT NULL, <code class="language-plaintext highlighter-rouge">name</code>  varchar(255),key idx_name(name));
Query OK, 0 rows affected, 1 warning (0.06 sec)</p>

<p>mysql&gt; insert into table3 (name)values(â€œguanyuâ€);
ERROR 1364 (HY000): Field â€˜idâ€™ doesnâ€™t have a default value
mysql&gt; insert into table3 (id,name)values(1,â€guanyuâ€);
Query OK, 1 row affected (0.00 sec)</p>

<p>mysql&gt; explain select * from table3 where name=â€guanyuâ€\G
<strong>**</strong><strong>**</strong><strong>**</strong><strong>**</strong><strong>* 1. row **</strong><strong>**</strong><strong>**</strong><strong>**</strong>*****
           id: 1
  select_type: SIMPLE
        table: table3
   partitions: NULL
         type: ref
possible_keys: idx_name
          key: idx_name
      key_len: 1023
          ref: const
         rows: 1
     filtered: 100.00
        Extra: NULL
1 row in set, 1 warning (0.02 sec)</p>

<p>mysql&gt; create table table4(  <code class="language-plaintext highlighter-rouge">id</code> INT (11) NOT NULL, <code class="language-plaintext highlighter-rouge">name</code>  char(255),key idx_name(name));
Query OK, 0 rows affected, 1 warning (0.04 sec)</p>

<p>mysql&gt; insert into table4 (id,name)values(1,â€guanyuâ€);
Query OK, 1 row affected (0.00 sec)</p>

<p>mysql&gt; explain select * from table3 where name=â€guanyuâ€\G
<strong>**</strong><strong>**</strong><strong>**</strong><strong>**</strong><strong>* 1. row **</strong><strong>**</strong><strong>**</strong><strong>**</strong>*****
           id: 1
  select_type: SIMPLE
        table: table3
   partitions: NULL
         type: ref
possible_keys: idx_name
          key: idx_name
      key_len: 1023
          ref: const
         rows: 1
     filtered: 100.00
        Extra: NULL
1 row in set, 1 warning (0.01 sec)</p>

<p>mysql&gt; explain select * from table4 where name=â€guanyuâ€\G
<strong>**</strong><strong>**</strong><strong>**</strong><strong>**</strong><strong>* 1. row **</strong><strong>**</strong><strong>**</strong><strong>**</strong>*****
           id: 1
  select_type: SIMPLE
        table: table4
   partitions: NULL
         type: ref
possible_keys: idx_name
          key: idx_name
      key_len: 1021
          ref: const
         rows: 1
     filtered: 100.00
        Extra: Using index condition
1 row in set, 1 warning (0.01 sec)</p>

<p>mysql&gt; create table table5(  <code class="language-plaintext highlighter-rouge">id</code> INT (11) NOT NULL, <code class="language-plaintext highlighter-rouge">name</code>  varchar(512),key idx_name(name));
Query OK, 0 rows affected, 1 warning (0.02 sec)</p>

<p>mysql&gt; explain select * from table5 where name=â€guanyuâ€\G
<strong>**</strong><strong>**</strong><strong>**</strong><strong>**</strong><strong>* 1. row **</strong><strong>**</strong><strong>**</strong><strong>**</strong>*****
           id: 1
  select_type: SIMPLE
        table: table5
   partitions: NULL
         type: ref
possible_keys: idx_name
          key: idx_name
      key_len: 2051
          ref: const
         rows: 1
     filtered: 100.00
        Extra: NULL
1 row in set, 1 warning (0.00 sec)</p>

<p>mysql&gt; create table table6(  <code class="language-plaintext highlighter-rouge">id</code> INT (11) NOT NULL, <code class="language-plaintext highlighter-rouge">name</code>  varchar(512) NOT NULL,key idx_name(name));
Query OK, 0 rows affected, 1 warning (0.05 sec)</p>

<p>mysql&gt; explain select * from table6 where name=â€guanyuâ€\G
<strong>**</strong><strong>**</strong><strong>**</strong><strong>**</strong><strong>* 1. row **</strong><strong>**</strong><strong>**</strong><strong>**</strong>*****
           id: 1
  select_type: SIMPLE
        table: table6
   partitions: NULL
         type: ref
possible_keys: idx_name
          key: idx_name
      key_len: 2050
          ref: const
         rows: 1
     filtered: 100.00
        Extra: NULL
1 row in set, 1 warning (0.00 sec)</p>

<p>mysql&gt; show create table table6\G
<strong>**</strong><strong>**</strong><strong>**</strong><strong>**</strong><strong>* 1. row **</strong><strong>**</strong><strong>**</strong><strong>**</strong>*****
       Table: table6
Create Table: CREATE TABLE <code class="language-plaintext highlighter-rouge">table6</code> (
  <code class="language-plaintext highlighter-rouge">id</code> int NOT NULL,
  <code class="language-plaintext highlighter-rouge">name</code> varchar(512) NOT NULL,
  KEY <code class="language-plaintext highlighter-rouge">idx_name</code> (<code class="language-plaintext highlighter-rouge">name</code>)
) ENGINE=InnoDB DEFAULT CHARSET=utf8mb4 COLLATE=utf8mb4_0900_ai_ci
1 row in set (0.01 sec)</p>

<p>mysql&gt; explain insert into table6 (id,name)values(1,â€guanyuâ€);
+â€”-+â€”â€”â€”â€”-+â€”â€”â€“+â€”â€”â€”â€”+â€”â€”+â€”â€”â€”â€”â€”+â€”â€”+â€”â€”â€”+â€”â€”+â€”â€”+â€”â€”â€”-+â€”â€”-+
| id | select_type | table  | partitions | type | possible_keys | key  | key_len | ref  | rows | filtered | Extra |
+â€”-+â€”â€”â€”â€”-+â€”â€”â€“+â€”â€”â€”â€”+â€”â€”+â€”â€”â€”â€”â€”+â€”â€”+â€”â€”â€”+â€”â€”+â€”â€”+â€”â€”â€”-+â€”â€”-+
|  1 | INSERT      | table6 | NULL       | ALL  | NULL          | NULL | NULL    | NULL | NULL |     NULL | NULL  |
+â€”-+â€”â€”â€”â€”-+â€”â€”â€“+â€”â€”â€”â€”+â€”â€”+â€”â€”â€”â€”â€”+â€”â€”+â€”â€”â€”+â€”â€”+â€”â€”+â€”â€”â€”-+â€”â€”-+
1 row in set, 1 warning (0.00 sec)</p>

<p>mysql&gt; explain insert into table6 (id,name)values(1,â€guanyuâ€);
+â€”-+â€”â€”â€”â€”-+â€”â€”â€“+â€”â€”â€”â€”+â€”â€”+â€”â€”â€”â€”â€”+â€”â€”+â€”â€”â€”+â€”â€”+â€”â€”+â€”â€”â€”-+â€”â€”-+
| id | select_type | table  | partitions | type | possible_keys | key  | key_len | ref  | rows | filtered | Extra |
+â€”-+â€”â€”â€”â€”-+â€”â€”â€“+â€”â€”â€”â€”+â€”â€”+â€”â€”â€”â€”â€”+â€”â€”+â€”â€”â€”+â€”â€”+â€”â€”+â€”â€”â€”-+â€”â€”-+
|  1 | INSERT      | table6 | NULL       | ALL  | NULL          | NULL | NULL    | NULL | NULL |     NULL | NULL  |
+â€”-+â€”â€”â€”â€”-+â€”â€”â€“+â€”â€”â€”â€”+â€”â€”+â€”â€”â€”â€”â€”+â€”â€”+â€”â€”â€”+â€”â€”+â€”â€”+â€”â€”â€”-+â€”â€”-+
1 row in set, 1 warning (0.02 sec)</p>

<p>mysql&gt; insert into table6 (id,name)values(1,â€guanyuâ€);
Query OK, 1 row affected (0.01 sec)</p>

<p>mysql&gt; insert into table6 (id,name)values(1,â€guanyuâ€);
Query OK, 1 row affected (0.00 sec)</p>

<p>mysql&gt; insert into table6 (id,name)values(1,â€guanyuâ€);
Query OK, 1 row affected (0.01 sec)</p>

<p>mysql&gt; explain insert into table6 (id,name)values(1,â€guanyuâ€);
+â€”-+â€”â€”â€”â€”-+â€”â€”â€“+â€”â€”â€”â€”+â€”â€”+â€”â€”â€”â€”â€”+â€”â€”+â€”â€”â€”+â€”â€”+â€”â€”+â€”â€”â€”-+â€”â€”-+
| id | select_type | table  | partitions | type | possible_keys | key  | key_len | ref  | rows | filtered | Extra |
+â€”-+â€”â€”â€”â€”-+â€”â€”â€“+â€”â€”â€”â€”+â€”â€”+â€”â€”â€”â€”â€”+â€”â€”+â€”â€”â€”+â€”â€”+â€”â€”+â€”â€”â€”-+â€”â€”-+
|  1 | INSERT      | table6 | NULL       | ALL  | NULL          | NULL | NULL    | NULL | NULL |     NULL | NULL  |
+â€”-+â€”â€”â€”â€”-+â€”â€”â€“+â€”â€”â€”â€”+â€”â€”+â€”â€”â€”â€”â€”+â€”â€”+â€”â€”â€”+â€”â€”+â€”â€”+â€”â€”â€”-+â€”â€”-+
1 row in set, 1 warning (0.00 sec)</p>

<p>mysql&gt;  SHOW TABLE STATUS IN table6\G
ERROR 1049 (42000): Unknown database â€˜table6â€™
mysql&gt;  SHOW TABLE STATUS IN test\G
<strong>**</strong><strong>**</strong><strong>**</strong><strong>**</strong><strong>* 1. row **</strong><strong>**</strong><strong>**</strong><strong>**</strong><strong>***
           Name: authors
         Engine: InnoDB
        Version: 10
     Row_format: Dynamic
           Rows: 0
 Avg_row_length: 0
    Data_length: 16384
Max_data_length: 0
   Index_length: 0
      Data_free: 0
 Auto_increment: NULL
    Create_time: 2022-01-12 10:21:30
    Update_time: NULL
     Check_time: NULL
      Collation: utf8mb4_0900_ai_ci
       Checksum: NULL
 Create_options:
        Comment:
**</strong><strong>**</strong><strong>**</strong><strong>**</strong><strong>*** 2. row **</strong><strong>**</strong><strong>**</strong><strong>**</strong><strong>***
           Name: company
         Engine: InnoDB
        Version: 10
     Row_format: Dynamic
           Rows: 0
 Avg_row_length: 0
    Data_length: 16384
Max_data_length: 0
   Index_length: 0
      Data_free: 0
 Auto_increment: NULL
    Create_time: 2021-06-11 12:06:23
    Update_time: NULL
     Check_time: NULL
      Collation: utf8mb4_0900_ai_ci
       Checksum: NULL
 Create_options:
        Comment:
**</strong><strong>**</strong><strong>**</strong><strong>**</strong><strong>*** 3. row **</strong><strong>**</strong><strong>**</strong><strong>**</strong><strong>***
           Name: employee
         Engine: InnoDB
        Version: 10
     Row_format: Dynamic
           Rows: 0
 Avg_row_length: 0
    Data_length: 16384
Max_data_length: 0
   Index_length: 0
      Data_free: 0
 Auto_increment: NULL
    Create_time: 2021-06-03 13:47:28
    Update_time: NULL
     Check_time: NULL
      Collation: utf8mb4_0900_ai_ci
       Checksum: NULL
 Create_options:
        Comment:
**</strong><strong>**</strong><strong>**</strong><strong>**</strong><strong>*** 4. row **</strong><strong>**</strong><strong>**</strong><strong>**</strong><strong>***
           Name: table1
         Engine: InnoDB
        Version: 10
     Row_format: Dynamic
           Rows: 3
 Avg_row_length: 5461
    Data_length: 16384
Max_data_length: 0
   Index_length: 0
      Data_free: 0
 Auto_increment: NULL
    Create_time: 2022-03-25 10:19:04
    Update_time: 2022-03-25 10:17:59
     Check_time: NULL
      Collation: utf8mb4_0900_ai_ci
       Checksum: NULL
 Create_options:
        Comment:
**</strong><strong>**</strong><strong>**</strong><strong>**</strong><strong>*** 5. row **</strong><strong>**</strong><strong>**</strong><strong>**</strong><strong>***
           Name: table2
         Engine: InnoDB
        Version: 10
     Row_format: Dynamic
           Rows: 2
 Avg_row_length: 8192
    Data_length: 16384
Max_data_length: 0
   Index_length: 0
      Data_free: 0
 Auto_increment: NULL
    Create_time: 2022-03-25 10:19:09
    Update_time: 2022-03-25 10:18:08
     Check_time: NULL
      Collation: utf8mb4_0900_ai_ci
       Checksum: NULL
 Create_options:
        Comment:
**</strong><strong>**</strong><strong>**</strong><strong>**</strong><strong>*** 6. row **</strong><strong>**</strong><strong>**</strong><strong>**</strong><strong>***
           Name: table3
         Engine: InnoDB
        Version: 10
     Row_format: Dynamic
           Rows: 1
 Avg_row_length: 16384
    Data_length: 16384
Max_data_length: 0
   Index_length: 16384
      Data_free: 0
 Auto_increment: NULL
    Create_time: 2022-03-25 10:23:02
    Update_time: 2022-03-25 10:23:47
     Check_time: NULL
      Collation: utf8mb4_0900_ai_ci
       Checksum: NULL
 Create_options:
        Comment:
**</strong><strong>**</strong><strong>**</strong><strong>**</strong><strong>*** 7. row **</strong><strong>**</strong><strong>**</strong><strong>**</strong><strong>***
           Name: table4
         Engine: InnoDB
        Version: 10
     Row_format: Dynamic
           Rows: 1
 Avg_row_length: 16384
    Data_length: 16384
Max_data_length: 0
   Index_length: 16384
      Data_free: 0
 Auto_increment: NULL
    Create_time: 2022-03-25 10:24:53
    Update_time: 2022-03-25 10:25:03
     Check_time: NULL
      Collation: utf8mb4_0900_ai_ci
       Checksum: NULL
 Create_options:
        Comment:
**</strong><strong>**</strong><strong>**</strong><strong>**</strong><strong>*** 8. row **</strong><strong>**</strong><strong>**</strong><strong>**</strong><strong>***
           Name: table5
         Engine: InnoDB
        Version: 10
     Row_format: Dynamic
           Rows: 0
 Avg_row_length: 0
    Data_length: 16384
Max_data_length: 0
   Index_length: 16384
      Data_free: 0
 Auto_increment: NULL
    Create_time: 2022-03-25 10:27:11
    Update_time: NULL
     Check_time: NULL
      Collation: utf8mb4_0900_ai_ci
       Checksum: NULL
 Create_options:
        Comment:
**</strong><strong>**</strong><strong>**</strong><strong>**</strong><strong>*** 9. row **</strong><strong>**</strong><strong>**</strong><strong>**</strong>*****
           Name: table6
         Engine: InnoDB
        Version: 10
     Row_format: Dynamic
           Rows: 3
 Avg_row_length: 5461
    Data_length: 16384
Max_data_length: 0
   Index_length: 16384
      Data_free: 0
 Auto_increment: NULL
    Create_time: 2022-03-25 10:30:37
    Update_time: 2022-03-25 10:33:43
     Check_time: NULL
      Collation: utf8mb4_0900_ai_ci
       Checksum: NULL
 Create_options:
        Comment:
9 rows in set (0.14 sec)</p>

<p>mysql&gt; explain select * from table6 where name=â€guanyuâ€\G
<strong>**</strong><strong>**</strong><strong>**</strong><strong>**</strong><strong>* 1. row **</strong><strong>**</strong><strong>**</strong><strong>**</strong>*****
           id: 1
  select_type: SIMPLE
        table: table6
   partitions: NULL
         type: ref
possible_keys: idx_name
          key: idx_name
      key_len: 2050
          ref: const
         rows: 3
     filtered: 100.00
        Extra: NULL
1 row in set, 1 warning (0.02 sec)</p>

:ET